<?xml version="1.0" encoding="utf-8"?>
<qyx_config version="1.0">
    
    <!-- إعدادات المكتبة الأساسية -->
    <settings>
        <library_name>libqyx_mod.so</library_name>
        <game_package>com.axlebolt.standoff2</game_package>
        <target_lib>libil2cpp.so</target_lib>
        <injection_method>dlopen</injection_method>
        <initialization_delay>3000</initialization_delay>
        <feature_activation_delay>500</feature_activation_delay>
    </settings>
    
    <!-- إعدادات الأمان والحماية -->
    <protection>
        <obfuscation enabled="true"/>
        <anti_debug enabled="true"/>
        <root_detection enabled="false"/>
        <signature_check enabled="false"/>
        <emulator_detection enabled="false"/>
    </protection>
    
    <!-- تعريف الميزات -->
    <features>
        <!-- الميزة الأساسية - تفعيل النظام -->
        <feature 
            id="0" 
            name="Enable QYX" 
            type="toggle" 
            default="false"
            description="Master toggle for QYX system"
            category="system"/>
            
        <!-- ميزات اللعب -->
        <feature 
            id="1" 
            name="Wallhack" 
            type="toggle" 
            default="false"
            description="See through walls and obstacles"
            category="visual"
            requires_system="true"/>
            
        <feature 
            id="2" 
            name="Magic Bullet" 
            type="toggle" 
            default="false"
            description="Bullets go through walls and hit enemies"
            category="combat"
            requires_system="true"/>
            
        <feature 
            id="3" 
            name="Player Speed" 
            type="toggle" 
            default="false"
            description="Increase player movement speed"
            category="movement"
            requires_system="true"/>
            
        <feature 
            id="4" 
            name="ESP Line/Box" 
            type="toggle" 
            default="false"
            description="Show enemy positions with lines and boxes"
            category="visual"
            requires_system="true"/>
            
        <feature 
            id="5" 
            name="Fast Switch Gun" 
            type="toggle" 
            default="false"
            description="Instantly switch between weapons"
            category="combat"
            requires_system="true"/>
            
        <feature 
            id="6" 
            name="Reset Guest" 
            type="toggle" 
            default="false"
            description="Reset guest account progress"
            category="utility"
            requires_system="true"/>
            
        <feature 
            id="7" 
            name="Auto Fire / Aim Assist" 
            type="toggle" 
            default="false"
            description="Automatically fire at enemies"
            category="combat"
            requires_system="true"/>
            
        <feature 
            id="8" 
            name="Weapon Run Speed" 
            type="toggle" 
            default="false"
            description="Increase movement speed while holding weapons"
            category="movement"
            requires_system="true"/>
            
        <feature 
            id="9" 
            name="Fast Auto Reload" 
            type="toggle" 
            default="false"
            description="Reload weapons much faster"
            category="combat"
            requires_system="true"/>
    </features>
    
    <!-- مجموعات الميزات المحددة مسبقاً -->
    <feature_presets>
        <preset name="combat_focus" description="Combat-oriented features">
            <feature_id>2</feature_id> <!-- Magic Bullet -->
            <feature_id>5</feature_id> <!-- Fast Switch Gun -->
            <feature_id>7</feature_id> <!-- Auto Fire -->
            <feature_id>9</feature_id> <!-- Fast Auto Reload -->
        </preset>
        
        <preset name="movement_focus" description="Movement and speed features">
            <feature_id>3</feature_id> <!-- Player Speed -->
            <feature_id>8</feature_id> <!-- Weapon Run Speed -->
        </preset>
        
        <preset name="visual_focus" description="Visual enhancement features">
            <feature_id>1</feature_id> <!-- Wallhack -->
            <feature_id>4</feature_id> <!-- ESP -->
        </preset>
        
        <preset name="all_features" description="Enable all features">
            <feature_id>1</feature_id>
            <feature_id>2</feature_id>
            <feature_id>3</feature_id>
            <feature_id>4</feature_id>
            <feature_id>5</feature_id>
            <feature_id>6</feature_id>
            <feature_id>7</feature_id>
            <feature_id>8</feature_id>
            <feature_id>9</feature_id>
        </preset>
    </feature_presets>
    
    <!-- إعدادات التصحيح والسجلات -->
    <logging>
        <enabled>true</enabled>
        <level>DEBUG</level>
        <log_to_file>false</log_to_file>
        <log_file_path>/sdcard/qyx_log.txt</log_file_path>
        <max_log_size>1048576</max_log_size> <!-- 1MB -->
    </logging>
    
    <!-- إعدادات واجهة المستخدم -->
    <ui>
        <show_toast_messages>true</show_toast_messages>
        <toast_duration>short</toast_duration>
        <feature_activation_feedback>true</feature_activation_feedback>
    </ui>
    
    <!-- إعدادات التحديث التلقائي -->
    <auto_update>
        <enabled>false</enabled>
        <check_interval>3600</check_interval> <!-- seconds -->
        <update_url>https://your-server.com/qyx/updates/</update_url>
    </auto_update>
    
    <!-- معلومات الإصدار -->
    <version_info>
        <version>1.0.0</version>
        <build_number>1</build_number>
        <release_date>2024-01-01</release_date>
        <compatibility>
            <game_version>2.30.0</game_version>
            <android_min_api>21</android_min_api>
            <android_target_api>34</android_target_api>
        </compatibility>
    </version_info>
    
</qyx_config>

